City_ID,City,Lat,Lng,Max Temp,Humidity,Cloudiness,Wind Speed,Country,Date
0,east london,-33.0153,27.9116,295.03,83,13,6.15,ZA,1677812630
1,igarka,67.4667,86.5833,264.18,92,100,8.85,RU,1677812630
2,muskogee,35.5834,-95.3336,287.19,93,100,5.14,US,1677812631
3,isangel,-19.55,169.2667,300.19,88,100,10.63,VU,1677812631
4,ushuaia,-54.8,-68.3,278.96,70,40,12.35,AR,1677812507
5,carnarvon,-24.8667,113.6333,303.17,61,0,3.66,AU,1677812631
6,doctor juan manuel frutos,-25.3667,-55.8,293.66,99,100,1.85,PY,1677812633
7,saint george,37.1041,-113.5841,280.34,44,0,3.09,US,1677812533
8,port alfred,-33.5906,26.891,292.69,95,4,7.05,ZA,1677812633
9,kapaa,22.0752,-159.319,297.33,69,100,9.26,US,1677812634
10,yellowknife,62.456,-114.3525,258.44,78,100,4.12,CA,1677812635
11,tuktoyaktuk,69.4541,-133.0374,239.15,75,0,4.12,CA,1677812635
12,nicoya,10.1483,-85.452,297.36,72,40,0.63,CR,1677812636
13,albany,42.6001,-73.9662,275.14,75,27,0.89,US,1677812331
14,cape town,-33.9258,18.4232,290.99,93,0,3.09,ZA,1677812435
15,havoysund,70.9963,24.6622,274.28,73,93,8.69,NO,1677812636
16,butaritari,3.0707,172.7902,300.86,80,100,6.7,KI,1677812637
17,kendari,-3.945,122.4989,304.05,60,92,0.9,ID,1677812637
18,zhoucheng,35.9122,116.3117,288.04,31,100,4.74,CN,1677812638
19,khatanga,71.9667,102.5,256.32,96,100,4.5,RU,1677812638
20,rikitea,-23.1203,-134.9692,299.85,73,98,3.7,PF,1677812639
21,barrow,71.2906,-156.7887,245.16,76,0,3.6,US,1677812639
22,jamestown,42.097,-79.2353,274.27,96,100,1.34,US,1677812640
23,kihei,20.785,-156.4656,294.99,90,100,6.17,US,1677812640
24,puerto ayora,-0.7393,-90.3518,298.46,94,83,0.6,EC,1677812641
25,nioro,13.35,-15.75,299.69,15,2,4.35,GM,1677812641
26,san andres,12.5847,-81.7006,299.16,78,20,4.12,CO,1677812414
27,cidreira,-30.1811,-50.2056,297.36,86,100,5.31,BR,1677812643
28,coahuayana,18.7333,-103.6833,294.14,81,65,0.15,MX,1677812643
29,kruisfontein,-34.0033,24.7314,290.31,91,1,2.2,ZA,1677812644
30,monte patria,-30.6919,-70.9467,294.69,63,48,1.19,CL,1677812644
31,tokuyama,34.05,131.8167,281.94,49,1,2.09,JP,1677812645
32,atasu,48.6814,71.6433,270.9,97,100,3.11,KZ,1677812646
33,ozernovskiy,51.5,156.5167,266.84,93,100,8.66,RU,1677812646
34,pisco,-13.7,-76.2167,296.18,73,0,2.57,PE,1677812647
35,mataura,-46.1927,168.8643,289.53,63,83,4.08,NZ,1677812648
36,labuhan,-6.8844,112.2051,301.23,71,80,2.55,ID,1677812648
37,lagoa,39.05,-27.9833,288.09,77,100,7.69,PT,1677812649
38,minot,48.2325,-101.2963,270.21,83,12,5.35,US,1677812540
39,arraial do cabo,-22.9661,-42.0278,297.65,91,69,8.64,BR,1677812650
40,thompson,55.7435,-97.8558,259.24,78,75,2.06,CA,1677812651
41,esperance,-33.8667,121.9,300.33,42,13,2.87,AU,1677812651
42,vaini,-21.2,-175.2,303.24,79,75,5.66,TO,1677812652
43,mahebourg,-20.4081,57.7,298.29,94,40,1.54,MU,1677812652
44,grand forks,47.9417,-97.4337,263.11,85,75,7.2,US,1677812653
45,port macquarie,-31.4333,152.9167,299.76,58,36,4.76,AU,1677812392
46,coihaique,-45.5752,-72.0662,287.12,77,75,3.6,CL,1677812628
47,hobart,-42.8794,147.3294,294.29,48,20,4.63,AU,1677812474
48,svetlogorsk,52.6333,29.7333,272.72,90,100,5.02,BY,1677812654
49,verkhovazhye,60.7472,42.0465,264.43,97,100,1.63,RU,1677812654
50,tiznit,29.5833,-9.5,286.91,92,99,3.2,MA,1677812655
51,nabire,-3.3667,135.4833,298.26,83,100,1.29,ID,1677812656
52,atuona,-9.8,-139.0333,299.89,78,12,8.02,PF,1677812657
53,lebu,-37.6167,-73.65,287.94,87,100,6.59,CL,1677812657
54,san cristobal,7.7669,-72.225,295.25,76,46,1.06,VE,1677812658
55,alibag,18.6411,72.8792,301.19,42,0,1.79,IN,1677812658
56,springbok,-29.6643,17.8865,286.69,87,9,1.15,ZA,1677812659
57,hilo,19.7297,-155.09,295.0,87,100,2.68,US,1677812659
58,estelle,29.8458,-90.1067,298.15,88,100,7.2,US,1677812660
59,mwinilunga,-11.7358,24.4293,288.64,97,99,1.25,ZM,1677812661
60,hithadhoo,-0.6,73.0833,300.2,76,95,2.21,MV,1677812661
61,punta arenas,-53.15,-70.9167,277.21,87,75,7.72,CL,1677812564
62,klaksvik,62.2266,-6.589,278.66,84,74,7.22,FO,1677812662
63,bandar-e lengeh,26.5579,54.8807,291.21,100,0,4.12,IR,1677812663
64,new norfolk,-42.7826,147.0587,294.1,33,5,1.34,AU,1677812663
65,hermanus,-34.4187,19.2345,292.98,80,0,3.36,ZA,1677812664
66,avera,33.194,-82.5271,291.14,85,100,1.62,US,1677812664
67,nouadhibou,20.931,-17.0347,291.14,82,5,9.26,MR,1677812665
68,inta,66.0317,60.1659,252.49,98,99,4.58,RU,1677812665
69,upernavik,72.7868,-56.1549,246.6,89,71,7.19,GL,1677812666
70,airai,-8.9266,125.4092,292.35,79,98,1.64,TL,1677812666
71,bosaso,11.2842,49.1816,297.12,78,1,2.46,SO,1677812667
72,port hedland,-20.3167,118.5667,308.18,59,91,7.72,AU,1677812490
73,brooks,50.5834,-111.8851,274.14,63,100,7.72,CA,1677812668
74,cabo san lucas,22.8909,-109.9124,291.27,72,10,0.58,MX,1677812488
75,myanaung,18.2833,95.3167,304.57,19,0,0.83,MM,1677812669
76,kahului,20.8947,-156.47,294.99,89,100,6.17,US,1677812628
77,waipawa,-41.4122,175.5153,295.85,57,8,3.15,NZ,1677812670
78,sur,22.5667,59.5289,296.75,72,10,2.45,OM,1677812671
79,chokurdakh,70.6333,147.9167,238.14,96,66,2.1,RU,1677812671
80,severo-kurilsk,50.6789,156.125,268.76,92,100,11.87,RU,1677812671
81,busselton,-33.65,115.3333,300.23,54,0,4.62,AU,1677812672
82,bluff,-46.6,168.3333,289.71,83,100,9.04,NZ,1677812673
83,sao jose da coroa grande,-8.8978,-35.1478,299.07,82,21,3.8,BR,1677812673
84,talnakh,69.4865,88.3972,263.46,95,100,4.1,RU,1677812674
85,stockerau,48.383,16.1996,277.31,72,15,1.05,AT,1677812674
86,ostrovnoy,68.0531,39.5131,259.2,98,95,3.15,RU,1677812675
87,lavrentiya,65.5833,-171.0,244.84,96,39,0.58,RU,1677812676
88,porto novo,6.4965,2.6036,302.05,85,24,2.71,BJ,1677812677
89,leh,34.1667,77.5833,264.27,91,93,1.17,IN,1677812678
90,rawson,-43.3002,-65.1023,295.54,44,90,5.07,AR,1677812678
91,kodiak,57.79,-152.4072,269.88,50,0,9.77,US,1677812679
92,saint-philippe,-21.3585,55.7679,296.92,81,100,1.71,RE,1677812679
93,kavieng,-2.5744,150.7967,301.18,78,91,5.41,PG,1677812679
94,huarmey,-10.0681,-78.1522,296.27,83,100,3.65,PE,1677812319
95,samarai,-10.6167,150.6667,301.57,77,98,9.09,PG,1677812680
96,port elizabeth,-33.918,25.5701,294.31,99,20,3.6,ZA,1677812417
97,karimganj,24.8667,92.35,299.08,32,0,1.96,IN,1677812680
98,bethel,41.3712,-73.414,278.35,70,0,4.12,US,1677812681
99,tasiilaq,65.6145,-37.6368,275.24,89,98,2.94,GL,1677812681
100,dieppe,49.75,1.1667,275.48,93,4,3.29,FR,1677812682
101,sao joao da barra,-21.6403,-41.0511,297.83,89,40,6.18,BR,1677812677
102,disna,55.568,28.1971,271.15,92,24,5.5,BY,1677812682
103,atar,20.5169,-13.0499,292.9,23,0,3.98,MR,1677812550
104,qaqortoq,60.7167,-46.0333,278.67,60,95,15.08,GL,1677812683
105,atambua,-9.1061,124.8925,298.12,81,100,1.94,ID,1677812683
106,coquimbo,-29.9533,-71.3436,291.0,82,100,1.54,CL,1677812684
107,dwarka,22.2394,68.9678,297.5,67,0,3.91,IN,1677812684
108,nikolskoye,59.7035,30.7861,273.1,90,100,3.3,RU,1677812684
109,mae sai,20.4335,99.8762,301.19,29,0,1.43,TH,1677812685
110,mar del plata,-38.0023,-57.5575,293.2,87,0,3.6,AR,1677812409
111,torbay,47.6666,-52.7314,267.91,75,20,12.86,CA,1677812686
112,palmer,42.1584,-72.3287,276.8,65,75,4.12,US,1677812686
113,zharkent,44.1628,80.0,277.49,38,78,0.8,KZ,1677812686
114,azul,-36.777,-59.8585,293.25,65,4,4.05,AR,1677812687
115,cap-aux-meules,47.3821,-61.8597,264.18,86,40,3.6,CA,1677812687
116,rio verde de mato grosso,-18.9181,-54.8442,296.67,85,100,2.2,BR,1677812687
117,codrington,-38.2667,141.9667,291.22,52,73,7.51,AU,1677812688
118,burnie,-41.0667,145.9167,292.56,57,77,2.69,AU,1677812688
119,cherskiy,68.75,161.3,243.55,91,100,2.5,RU,1677812689
120,ponta do sol,32.6667,-17.1,291.32,87,91,1.12,PT,1677812689
121,raudeberg,61.9875,5.1352,276.46,46,85,3.26,NO,1677812689
122,nagayo,32.8242,129.8861,281.79,46,20,1.03,JP,1677812690
123,awjilah,29.1081,21.2869,288.99,43,71,4.46,LY,1677812598
124,mayya,61.7333,130.2811,238.77,93,97,1.22,RU,1677812690
125,inirida,3.8653,-67.9239,296.45,96,100,0.94,CO,1677812691
126,mount gambier,-37.8333,140.7667,293.64,44,59,5.21,AU,1677812691
127,manado,1.487,124.8455,300.58,83,40,1.54,ID,1677812692
128,olinda,-8.0089,-34.8553,301.0,69,40,3.6,BR,1677812458
129,georgetown,5.4112,100.3354,301.11,83,20,2.24,MY,1677812692
130,nisia floresta,-6.0911,-35.2086,297.6,82,52,3.24,BR,1677812541
131,bengkulu,-3.8004,102.2655,300.61,70,15,2.4,ID,1677812693
132,saint-augustin,51.226,-58.6502,260.93,88,10,4.18,CA,1677812693
133,minab,27.1467,57.0801,290.33,82,4,0.0,IR,1677812694
134,ballitoville,-29.539,31.2144,293.84,88,0,0.51,ZA,1677812694
135,provideniya,64.3833,-173.3,252.21,77,75,3.0,RU,1677812694
136,bambous virieux,-20.3428,57.7575,298.27,94,40,1.54,MU,1677812695
137,anadyr,64.75,177.4833,246.48,75,75,4.0,RU,1677812695
138,biltine,14.5333,20.9167,298.92,10,24,5.61,TD,1677812695
139,zhangye,38.9342,100.4517,280.14,20,0,3.59,CN,1677812696
140,sundargarh,22.1167,84.0333,299.91,22,0,2.05,IN,1677812696
141,karla,59.3723,24.9275,274.13,86,20,5.14,EE,1677812696
142,kropotkin,45.4375,40.5756,273.13,70,13,1.42,RU,1677812697
143,sevlievo,43.0258,25.1136,278.23,86,100,0.74,BG,1677812697
144,bredasdorp,-34.5322,20.0403,292.53,84,0,1.97,ZA,1677812697
145,ponta delgada,37.7333,-25.6667,290.55,94,75,5.14,PT,1677812698
146,husavik,66.0449,-17.3389,271.78,88,75,3.69,IS,1677812698
147,altona,53.55,9.9333,273.97,98,100,3.09,DE,1677812698
148,nokaneng,-19.6667,22.2667,292.79,84,48,2.42,BW,1677812699
149,morro bay,35.3658,-120.8499,284.4,75,15,0.89,US,1677812406
150,kaitangata,-46.2817,169.8464,295.67,44,8,3.68,NZ,1677812700
151,uberaba,-19.7483,-47.9319,297.47,73,75,3.6,BR,1677812700
152,havre-saint-pierre,50.2334,-63.5986,268.15,92,0,5.66,CA,1677812700
153,miedzyrzecz,52.4446,15.578,272.41,86,7,1.63,PL,1677812701
154,namibe,-15.1961,12.1522,295.15,73,86,2.69,AO,1677812702
155,san quintin,30.4833,-115.95,285.17,69,0,3.8,MX,1677812702
156,kaeo,-35.1,173.7833,295.78,62,100,2.86,NZ,1677812703
157,fortuna,40.5982,-124.1573,281.44,93,100,0.0,US,1677812703
158,te anau,-45.4167,167.7167,291.14,62,92,2.65,NZ,1677812591
159,akyab,20.15,92.9,298.87,31,0,2.57,MM,1677812704
160,geraldton,-28.7667,114.6,305.38,35,6,5.14,AU,1677812705
161,biak,-0.9131,122.8766,302.26,64,52,1.17,ID,1677812705
162,seoul,37.5683,126.9778,279.91,51,0,4.63,KR,1677812217
163,norden,53.6,7.2,277.02,86,2,3.74,DE,1677812706
164,severnyy-kospashskiy,59.0925,57.8008,244.6,84,100,0.99,RU,1677812707
165,san patricio,28.017,-97.5169,297.2,86,30,7.08,US,1677812708
166,lalmohan,22.3384,90.7419,299.56,38,0,2.54,BD,1677812708
167,yenagoa,4.9247,6.2642,298.44,90,100,1.9,NG,1677812709
168,tel aviv-yafo,32.0805,34.7805,292.71,56,0,4.12,IL,1677812709
169,mabaruma,8.2,-59.7833,295.66,89,75,1.32,GY,1677812600
170,singaraja,-8.112,115.0882,300.41,75,100,1.25,ID,1677812711
171,gizo,-8.103,156.8419,300.57,85,100,7.71,SB,1677812711
172,henties bay,-22.116,14.2845,289.68,93,23,2.25,NA,1677812712
173,yagodnoye,62.55,149.6667,242.53,87,30,0.38,RU,1677812713
174,paoua,7.2427,16.4406,299.13,45,77,2.61,CF,1677812713
175,dongsheng,39.8161,109.9776,277.93,20,0,5.97,CN,1677812714
176,port hawkesbury,45.6169,-61.3485,271.99,94,100,6.26,CA,1677812715
177,sitka,57.0531,-135.33,274.09,80,75,2.57,US,1677812715
178,sorland,67.667,12.6934,274.07,94,100,6.43,NO,1677812717
179,phetchaburi,12.9667,99.5833,304.45,35,8,3.23,TH,1677812717
180,burns lake,54.2331,-125.7533,270.83,78,100,4.13,CA,1677812718
181,maningrida,-12.0667,134.2667,300.94,82,92,8.68,AU,1677812719
182,khuzhir,53.1939,107.3397,272.37,76,34,3.54,RU,1677812719
183,ribeira grande,38.5167,-28.7,288.58,76,100,1.79,PT,1677812720
184,moerai,-22.4333,-151.3333,299.46,67,93,4.7,PF,1677812720
185,kazachinskoye,57.6953,93.2761,273.68,81,100,5.4,RU,1677812721
186,marang,5.2056,103.2059,302.02,83,83,6.35,MY,1677812722
187,kamaishi,39.2667,141.8833,278.42,60,100,4.63,JP,1677812518
188,fare,-16.7,-151.0167,301.15,68,9,2.18,PF,1677812723
189,comodoro rivadavia,-45.8667,-67.5,295.07,33,0,10.29,AR,1677812632
190,noumea,-22.2763,166.4572,304.14,99,97,6.7,NC,1677812652
191,trairi,-3.2778,-39.2689,299.68,79,58,3.79,BR,1677812700
192,sakakah,29.9697,40.2064,287.91,45,1,0.99,SA,1677812572
193,nalut,30.3333,10.85,286.94,31,88,5.58,LY,1677812546
194,muravlenko,63.7898,74.523,255.62,93,100,6.77,RU,1677812725
195,hopatcong,40.9329,-74.6593,278.53,68,46,2.68,US,1677812468
196,ola,59.5833,151.2833,254.34,75,8,2.2,RU,1677812726
197,srednekolymsk,67.45,153.6833,245.63,90,70,1.84,RU,1677812727
198,enid,36.3956,-97.8784,281.53,67,100,5.66,US,1677812457
199,bumba,2.1833,22.4667,292.52,98,69,1.74,CD,1677812728
200,nova kakhovka,46.7545,33.3486,273.13,71,7,1.77,UA,1677812728
201,daloa,6.8774,-6.4502,295.89,90,22,1.1,CI,1677812729
202,fuyu,45.1833,124.8167,274.79,39,0,1.55,CN,1677812730
203,iwanai,42.9744,140.5089,274.61,61,100,5.97,JP,1677812459
204,grand gaube,-20.0064,57.6608,298.36,79,100,2.33,MU,1677812731
205,cabedelo,-6.9811,-34.8339,299.52,76,64,5.09,BR,1677812732
206,kula,38.5473,28.6498,278.72,90,55,0.14,TR,1677812732
207,ancud,-41.8697,-73.8203,287.48,90,100,2.75,CL,1677812640
208,san juan,-31.5375,-68.5364,302.13,22,0,1.81,AR,1677812448
209,gat,31.61,34.7642,293.37,40,61,4.51,IL,1677812640
210,alice springs,-23.7,133.8833,304.9,40,1,6.69,AU,1677812557
211,neuquen,-38.9516,-68.0591,295.09,60,0,1.54,AR,1677812437
212,launceston,-41.45,147.1667,296.27,41,75,2.57,AU,1677812734
213,oksfjord,70.2396,22.3479,275.25,90,94,2.96,NO,1677812735
214,yerbogachen,61.2767,108.0108,273.99,90,100,7.22,RU,1677812735
215,haines junction,60.7522,-137.5108,263.12,62,100,1.54,CA,1677812736
216,sept-iles,50.2001,-66.3821,266.15,89,75,2.06,CA,1677812736
217,constitucion,-35.3333,-72.4167,288.04,82,4,3.62,CL,1677812535
218,brae,60.3964,-1.353,278.36,78,21,5.59,GB,1677812737
219,pangnirtung,66.1451,-65.7125,260.01,70,100,3.33,CA,1677812738
220,ambilobe,-13.2,49.05,295.53,96,71,0.9,MG,1677812739
221,mehamn,71.0357,27.8492,273.1,93,75,2.06,NO,1677812594
222,ndele,8.4109,20.6473,296.11,57,75,2.07,CF,1677812740
223,hasaki,35.7333,140.8333,286.09,41,45,2.59,JP,1677812740
224,qaanaaq,77.484,-69.3632,244.5,71,0,3.64,GL,1677812740
225,rodrigues alves,-7.738,-72.6509,296.26,96,100,1.18,BR,1677812741
226,castro,-24.7911,-50.0119,290.88,93,100,0.51,BR,1677812741
227,touros,-5.1989,-35.4608,298.09,88,100,5.39,BR,1677812742
228,dikson,73.5069,80.5464,246.36,100,94,5.61,RU,1677812742
229,sorong,-0.8833,131.25,301.41,70,90,2.95,ID,1677812742
230,cefalu,38.0386,14.0229,281.78,80,100,7.6,IT,1677812743
231,iqaluit,63.7506,-68.5145,260.0,78,100,2.06,CA,1677812743
232,las vegas,36.175,-115.1372,284.53,34,0,2.57,US,1677812614
233,tecoanapa,16.5167,-98.75,298.45,76,2,3.28,MX,1677812743
234,mamallapuram,12.6264,80.1722,298.18,61,74,2.21,IN,1677812744
235,faanui,-16.4833,-151.75,301.3,68,10,2.35,PF,1677812744
236,vostok,46.4856,135.8833,267.14,82,100,2.29,RU,1677812744
237,jamame,0.0722,42.7506,297.17,90,43,4.37,SO,1677812745
238,senanga,-16.1167,23.2667,291.45,93,61,2.1,ZM,1677812542
239,kudahuvadhoo,2.6708,72.8944,300.77,76,100,7.81,MV,1677812745
240,cuamba,-14.8031,36.5372,293.2,99,100,0.59,MZ,1677812746
241,lompoc,34.6391,-120.4579,283.44,81,0,3.6,US,1677812746
242,vao,-22.6667,167.4833,299.08,84,69,8.3,NC,1677812747
243,sao geraldo do araguaia,-6.4006,-48.555,296.16,96,98,1.33,BR,1677812747
244,gondar,12.6,37.4667,287.92,23,8,1.51,ET,1677812747
245,polis,35.0367,32.4264,285.05,49,8,3.36,CY,1677812748
246,playa vicente,17.8333,-95.8167,298.99,59,14,3.45,MX,1677812748
247,poum,-20.2333,164.0167,300.54,82,100,11.82,NC,1677812748
248,akdagmadeni,39.6603,35.8836,279.33,71,100,1.86,TR,1677812749
249,avarua,-21.2078,-159.775,302.18,61,100,2.57,CK,1677812749
250,ilulissat,69.2167,-51.1,262.16,85,76,1.54,GL,1677812749
251,todos santos,23.45,-110.2167,291.85,75,2,3.9,MX,1677812750
252,lovozero,68.005,35.0117,258.76,99,100,1.17,RU,1677812750
253,beringovskiy,63.05,179.3167,250.38,89,99,1.99,RU,1677812750
254,irbit,57.6705,63.071,257.57,86,85,4.37,RU,1677812751
255,palmas,-10.2128,-48.3603,299.08,89,75,1.03,BR,1677812751
256,kenai,60.5544,-151.2583,266.18,75,20,1.54,US,1677812752
257,ixtapa,20.7,-105.2,291.68,73,98,1.54,MX,1677812455
258,rafaela,-31.2503,-61.4867,298.7,47,11,0.89,AR,1677812753
259,saldanha,-33.0117,17.9442,290.18,91,49,2.76,ZA,1677812753
260,abonnema,4.7084,6.7931,299.43,83,100,2.57,NG,1677812754
261,port lincoln,-34.7333,135.8667,293.52,57,75,5.53,AU,1677812754
262,sobolevo,54.4299,31.8996,270.5,94,81,5.47,RU,1677812754
263,bay roberts,47.5999,-53.2648,268.33,75,7,4.47,CA,1677812755
264,peniche,39.3558,-9.3811,281.18,74,100,1.88,PT,1677812755
265,oruro,-17.9833,-67.15,283.78,65,54,6.33,BO,1677812730
266,hamilton,39.1834,-84.5333,281.73,69,56,0.89,US,1677812484
267,margate,51.3813,1.3862,278.54,82,73,3.58,GB,1677812534
268,brigantine,39.4101,-74.3646,282.6,65,0,4.12,US,1677812756
269,nuuk,64.1835,-51.7216,273.64,64,34,6.71,GL,1677812757
270,port blair,11.6667,92.75,301.17,78,40,2.57,IN,1677812757
271,terrace,54.5163,-128.6035,274.1,93,100,8.75,CA,1677812758
272,nome,64.5011,-165.4064,250.19,77,0,2.06,US,1677812758
273,sola,-13.8833,167.55,300.71,84,100,15.81,VU,1677812481
274,ucluelet,48.9329,-125.5528,277.64,84,54,2.24,CA,1677812759
275,camacha,33.0833,-16.3333,286.83,94,20,2.57,PT,1677812759
276,deputatskiy,69.3,139.9,241.66,87,50,1.1,RU,1677812759
277,tres arroyos,-38.3739,-60.2798,288.54,58,11,3.63,AR,1677812760
278,nanortalik,60.1432,-45.2371,276.85,76,71,10.6,GL,1677812760
279,sabang,5.8933,95.3214,300.73,71,100,6.08,ID,1677812761
280,tabas,33.5959,56.9244,287.27,41,8,2.06,IR,1677812761
281,aklavik,68.2191,-135.0107,239.38,99,70,2.48,CA,1677812762
282,mocajuba,-2.5842,-49.5072,296.33,99,100,1.45,BR,1677812763
283,tautira,-17.7333,-149.15,300.35,76,4,3.13,PF,1677812471
284,nerja,36.7585,-3.8873,282.83,40,2,2.24,ES,1677812763
285,paamiut,61.994,-49.6678,277.19,63,100,4.76,GL,1677812764
286,bandarbeyla,9.4942,50.8122,297.87,71,27,6.09,SO,1677812764
287,lugau,50.7333,12.75,271.97,93,5,0.7,DE,1677812765
288,katsuura,35.1333,140.3,282.16,47,58,3.45,JP,1677812766
289,cedar city,37.6775,-113.0619,270.69,69,0,0.0,US,1677812731
290,leningradskiy,69.3833,178.4167,245.91,91,100,2.7,RU,1677812767
291,richards bay,-28.783,32.0377,295.45,85,100,0.12,ZA,1677812767
292,kutum,14.2,24.6667,291.7,11,2,3.27,SD,1677812768
293,aracruz,-19.8203,-40.2733,297.71,95,84,1.06,BR,1677812769
294,lakefield,43.6775,-95.1717,271.06,86,100,4.12,US,1677812769
295,voyvozh,62.892,54.9635,251.34,100,100,1.9,RU,1677812770
296,eyl,7.9803,49.8164,296.91,78,56,5.46,SO,1677812771
297,najran,17.4924,44.1277,289.51,54,2,1.79,SA,1677812771
298,luderitz,-26.6481,15.1594,288.86,93,0,3.34,NA,1677812772
299,kamina,-8.7386,24.9906,289.82,98,88,2.01,CD,1677812772
300,cozumel,20.5083,-86.9458,300.19,74,20,5.14,MX,1677812494
301,cayenne,4.9333,-52.3333,299.17,89,20,2.57,GF,1677812773
302,soe,-9.8607,124.284,296.05,76,98,2.6,ID,1677812773
303,chabahar,25.2919,60.643,295.43,68,38,5.21,IR,1677812774
304,otradnoye,59.7775,30.8181,273.2,90,100,3.2,RU,1677812775
305,pyapon,16.2833,95.6833,303.87,32,0,2.26,MM,1677812775
306,malanje,-9.5402,16.341,288.91,91,25,1.25,AO,1677812776
307,pegnitz,49.7564,11.545,272.35,81,2,1.75,DE,1677812777
308,saint-georges,12.0564,-61.7485,297.97,78,20,10.29,GD,1677812777
309,killybegs,54.6333,-8.45,279.49,62,99,2.17,IE,1677812778
310,prachuap khiri khan,12.2167,99.75,303.53,36,20,4.41,TH,1677812778
311,buchanan,5.8808,-10.0467,299.14,90,48,1.28,LR,1677812779
312,batticaloa,7.7102,81.6924,299.39,74,100,3.96,LK,1677812718
313,doha,25.2867,51.5333,289.14,77,0,1.54,QA,1677812780
314,kungurtug,50.5994,97.5228,267.77,65,21,0.97,RU,1677812586
315,kieta,-6.2167,155.6333,300.92,84,100,2.02,PG,1677812781
316,vardo,70.3705,31.1107,272.14,93,100,3.6,NO,1677812594
317,ternate,0.8,127.4,301.37,73,99,3.18,ID,1677812781
318,kankaanpaa,61.8,22.4167,274.57,82,40,3.56,FI,1677812782
319,victoria,22.2855,114.1577,294.24,48,54,4.92,HK,1677812732
320,sungaipenuh,-2.0833,101.3833,295.56,79,94,1.44,ID,1677812782
321,narsaq,60.9167,-46.05,281.27,62,90,12.8,GL,1677812783
322,khani,41.9563,42.9566,274.91,84,97,2.34,GE,1677812784
323,storsteinnes,69.2408,19.2344,273.51,97,100,2.88,NO,1677812784
324,cacador,-26.7753,-51.015,290.43,99,100,0.71,BR,1677812785
325,kalemie,-5.9475,29.1947,293.72,87,100,2.0,CD,1677812785
326,standish,43.9831,-83.9589,273.72,96,100,2.44,US,1677812774
327,quang ngai,15.1167,108.8,296.75,72,86,3.54,VN,1677812786
328,njombe,-9.3333,34.7667,286.91,97,100,1.86,TZ,1677812787
329,sistranda,63.7256,8.834,277.13,79,100,17.07,NO,1677812788
330,sandy bay,-42.913,147.3532,294.31,47,20,4.63,AU,1677812788
331,vestmannaeyjar,63.4427,-20.2734,279.35,72,100,0.75,IS,1677812788
332,port hardy,50.6996,-127.4199,276.15,100,100,2.06,CA,1677812789
333,road town,18.4167,-64.6167,298.17,78,20,4.12,VG,1677812645
334,san-pedro,4.7485,-6.6363,298.12,89,100,2.89,CI,1677812790
335,aykhal,66.0,111.5,262.47,95,100,4.63,RU,1677812790
336,wewak,-3.5534,143.6268,301.09,81,100,2.67,PG,1677812791
337,xuddur,4.1213,43.8894,294.56,84,31,6.03,SO,1677812791
338,souillac,-20.5167,57.5167,296.36,94,40,1.54,MU,1677812792
339,marabba,12.35,32.1833,295.07,12,0,4.1,SD,1677812794
340,chuy,-33.6971,-53.4616,297.36,70,56,3.83,UY,1677812794
341,wakkanai,45.4094,141.6739,273.14,64,75,7.72,JP,1677812795
342,whyalla,-33.0333,137.5833,295.92,49,0,4.7,AU,1677812796
343,beni suef,29.0731,31.0979,289.21,50,0,1.32,EG,1677812796
344,abu dhabi,24.4667,54.3667,297.01,82,20,2.06,AE,1677812797
345,vysokovsk,56.3167,36.55,271.09,93,100,4.75,RU,1677812797
346,andra,62.5147,65.8878,246.18,100,100,0.57,RU,1677812798
347,mavelikara,9.2667,76.55,299.24,59,78,1.67,IN,1677812798
348,qobustan,40.0824,49.412,279.15,77,100,4.99,AZ,1677812799
349,orlovskiy,46.8714,42.0592,271.69,70,14,3.21,RU,1677812799
350,fallon,39.4735,-118.7774,276.08,57,40,2.57,US,1677812650
351,tiksi,71.6872,128.8694,247.77,93,98,3.5,RU,1677812800
352,erdenet,49.0333,104.0833,270.72,62,96,1.69,MN,1677812800
353,tilichiki,60.4667,166.1,253.2,93,100,3.52,RU,1677812801
354,saskylakh,71.9167,114.0833,252.22,94,100,6.74,RU,1677812801
355,tura,25.5198,90.2201,300.19,26,0,1.03,IN,1677812719
356,conceicao do araguaia,-8.2578,-49.2647,297.6,84,99,1.41,BR,1677812675
357,nehe,48.4833,124.8333,268.35,81,12,2.46,CN,1677812801
358,padang,-0.9492,100.3543,300.18,84,100,1.48,ID,1677812802
359,ayan,56.45,138.1667,257.39,85,58,2.1,RU,1677812802
360,boshnyakovo,49.6333,142.1667,264.89,81,99,2.15,RU,1677812802
361,banepa,27.6298,85.5214,288.33,72,20,0.0,NP,1677812803
362,sao miguel do araguaia,-13.275,-50.1628,294.09,86,55,2.01,BR,1677812732
363,roald,62.5833,6.1333,279.12,75,100,9.26,NO,1677812803
364,saint-joseph,-21.3667,55.6167,297.86,79,100,0.58,RE,1677812804
365,omsukchan,62.5333,155.8,243.04,87,39,1.1,RU,1677812804
366,kirakira,-10.4544,161.9205,303.09,67,99,7.39,SB,1677812804
367,villanueva de cordoba,38.3228,-4.6287,273.2,72,7,1.08,ES,1677812805
368,rangapara,26.8167,92.65,298.48,34,4,2.43,IN,1677812805
369,manicore,-5.8092,-61.3003,296.95,97,100,1.18,BR,1677812806
370,svetlaya,46.5389,138.3297,270.63,48,98,1.55,RU,1677812807
371,kodinsk,58.6881,99.1844,274.84,93,100,5.35,RU,1677812807
372,aanekoski,62.6946,25.818,270.97,82,48,4.28,FI,1677812807
373,kalaleh,37.3807,55.4916,282.34,66,100,1.53,IR,1677812808
374,klyuchi,52.2667,79.1667,271.7,97,100,3.02,RU,1677812808
375,beian,63.6559,9.5683,278.71,93,75,12.35,NO,1677812809
376,gigmoto,13.7796,124.39,297.83,85,100,8.1,PH,1677812809
377,sojat,25.9167,73.6667,296.61,27,1,2.58,IN,1677812809
378,kannangad,12.3081,75.1063,299.22,33,15,1.91,IN,1677812810
379,monchegorsk,67.9397,32.8739,263.92,98,97,1.13,RU,1677812810
380,okhotsk,59.3833,143.3,250.56,69,5,3.89,RU,1677812810
381,caudry,50.1249,3.4119,271.17,95,0,3.96,FR,1677812811
382,mocuba,-16.8392,36.9856,295.08,97,100,1.8,MZ,1677812811
383,chapais,49.7834,-74.8492,251.15,100,59,1.76,CA,1677812811
384,arawa,-6.2132,155.5367,300.96,87,100,1.64,PG,1677812812
385,matara,5.9485,80.5353,299.52,70,68,3.41,LK,1677812798
386,cervo,43.6702,-7.4101,279.07,82,27,2.28,ES,1677812812
387,goderich,43.7501,-81.7165,273.66,83,100,3.61,CA,1677812813
388,vagur,61.4732,-6.8119,280.18,80,100,6.2,FO,1677812813
389,lorengau,-2.0226,147.2712,300.3,83,100,3.44,PG,1677812815
390,price,39.5994,-110.8107,271.74,46,0,4.12,US,1677812815
391,college,64.8569,-147.8028,261.6,78,100,1.54,US,1677812737
392,nishihara,26.1842,127.7558,291.18,50,75,5.14,JP,1677812816
393,puerto madero,14.7208,-92.4215,298.26,100,0,0.0,MX,1677812816
394,sokolovyy,51.5686,45.8331,268.46,75,100,0.45,RU,1677812817
395,kudat,6.8837,116.8477,299.59,85,87,6.8,MY,1677812817
396,kristiansund,63.1115,7.732,278.51,75,100,9.77,NO,1677812817
397,ndjole,-0.1783,10.7649,297.37,97,100,0.79,GA,1677812818
398,agadez,19.75,10.25,295.6,11,0,3.51,NE,1677812818
399,at-bashi,41.1702,75.8106,261.04,60,16,0.93,KG,1677812818
400,quthing,-30.4,27.7003,288.41,69,46,0.57,LS,1677812819
401,samana,19.2056,-69.3369,295.72,78,0,3.51,DO,1677812819
402,cap malheureux,-19.9842,57.6142,298.41,79,100,2.41,MU,1677812820
403,vila franca do campo,37.7167,-25.4333,290.38,98,100,4.74,PT,1677812820
404,diapaga,12.0708,1.7889,299.56,14,20,3.25,BF,1677812787
405,vaitape,-16.5167,-151.75,301.3,68,10,2.39,PF,1677812530
406,krasnoarmeysk,51.0239,45.6969,266.99,92,100,6.5,RU,1677812824
407,patan,27.6667,85.3333,289.36,72,20,0.0,NP,1677812825
408,charters towers,-20.1,146.2667,305.61,38,21,1.95,AU,1677812825
409,mount pleasant,32.7941,-79.8626,292.23,95,100,0.45,US,1677812803
410,plettenberg bay,-34.0527,23.3716,293.89,70,3,0.86,ZA,1677812826
411,key west,24.5557,-81.7826,299.15,75,0,5.66,US,1677812753
412,broken hill,-31.95,141.4333,299.55,28,0,5.37,AU,1677812827
413,cabra,37.4725,-4.4421,276.86,54,5,1.0,ES,1677812828
414,sampit,-2.5333,112.95,303.11,61,100,1.0,ID,1677812829
415,homer,59.6425,-151.5483,271.09,43,0,4.12,US,1677812829
416,santa maria,-29.6842,-53.8069,296.76,83,0,3.09,BR,1677812587
417,rognan,67.0953,15.3878,274.23,97,100,1.14,NO,1677812831
418,kyaka,-1.2522,31.4203,289.21,95,33,0.34,TZ,1677812832
419,tadine,-21.55,167.8833,299.35,86,100,6.35,NC,1677812832
420,baghdad,33.3406,44.4009,286.1,50,0,4.12,IQ,1677812708
421,sao filipe,14.8961,-24.4956,296.43,69,100,2.01,CV,1677812833
422,changping,40.2186,116.2197,285.95,12,18,2.6,CN,1677812833
423,baculin,7.4525,126.5842,301.3,67,94,6.26,PH,1677812834
424,chengde,40.9725,117.9361,282.64,23,1,1.24,CN,1677812835
425,maniitsoq,65.4167,-52.9,269.61,75,6,4.72,GL,1677812835
426,longyearbyen,78.2186,15.6401,266.06,86,100,15.43,SJ,1677812836
427,senekal,-28.3197,27.6208,288.41,73,30,1.79,ZA,1677812837
428,aleksandrovskiy zavod,50.9237,117.9374,270.43,92,65,1.95,RU,1677812838
429,arkhipo-osipovka,44.37,38.52,274.99,77,58,2.47,RU,1677812839
430,ust-tsilma,65.441,52.1498,255.12,98,100,2.19,RU,1677812839
431,goure,13.9835,10.2704,297.48,14,22,3.89,NE,1677812839
432,salalah,17.0151,54.0924,295.2,46,0,1.03,OM,1677812752
433,saint-pierre,-21.3393,55.4781,299.21,69,0,3.09,RE,1677812840
434,zyryanka,65.75,150.85,246.22,86,73,4.26,RU,1677812841
435,zanjan,36.6736,48.4787,277.08,68,49,2.57,IR,1677812841
436,buraydah,26.326,43.975,293.16,37,71,4.79,SA,1677812814
437,caravelas,-17.7125,-39.2481,296.82,89,0,1.73,BR,1677812842
438,luba,3.4568,8.5547,300.41,84,67,3.09,GQ,1677812843
439,balkhash,46.844,74.9804,276.49,75,0,4.0,KZ,1677812844
440,bintulu,3.1667,113.0333,301.62,75,100,1.33,MY,1677812845
441,masterton,-40.9597,175.6575,294.75,52,13,2.31,NZ,1677812845
442,emba,48.8264,58.1442,260.53,99,100,4.34,KZ,1677812846
443,gbadolite,4.2833,21.0167,291.68,87,72,0.64,CD,1677812847
444,urucara,-2.5364,-57.76,296.51,98,97,1.07,BR,1677812847
445,gambela,8.25,34.5833,299.59,31,7,1.75,ET,1677812848
446,abu samrah,35.3029,37.1841,290.19,38,90,4.47,SY,1677812849
447,grindavik,63.8424,-22.4338,277.41,100,75,2.06,IS,1677812849
448,bridgetown,13.1,-59.6167,296.42,88,75,3.09,BB,1677812707
449,aksha,50.2814,113.2867,275.92,47,13,2.45,RU,1677812851
450,elat,29.5581,34.9482,291.06,52,0,1.54,IL,1677812852
451,buala,-8.145,159.5921,300.76,84,100,4.97,SB,1677812852
452,bilibino,68.0546,166.4372,242.92,92,100,1.19,RU,1677812853
453,dolores,-36.3132,-57.6792,293.17,86,3,4.77,AR,1677812853
454,atlantic city,39.3643,-74.4229,282.6,63,0,4.12,US,1677812573
455,oranjemund,-28.55,16.4333,290.12,86,48,1.57,NA,1677812854
456,radford,37.1318,-80.5764,285.82,80,0,0.45,US,1677812854
457,nantucket,41.2835,-70.0995,278.23,74,0,8.23,US,1677812855
458,heerhugowaard,52.6714,4.8486,276.49,75,5,0.45,NL,1677812856
459,vila velha,-20.3297,-40.2925,298.12,90,20,2.06,BR,1677812657
460,rio gallegos,-51.6226,-69.2181,280.18,65,0,10.8,AR,1677812855
461,mahajanga,-15.7167,46.3167,297.16,100,20,2.06,MG,1677812722
462,fuerte olimpo,-21.0415,-57.8738,298.18,78,97,0.74,PY,1677812858
463,molnlycke,57.6589,12.1179,271.79,100,100,2.57,SE,1677812859
464,abha,18.2164,42.5053,284.29,66,0,0.0,SA,1677812860
465,carndonagh,55.25,-7.2667,278.8,68,100,2.1,IE,1677812860
466,shimoda,34.6667,138.95,282.1,59,99,2.69,JP,1677812860
467,necochea,-38.5473,-58.7368,288.46,75,4,4.93,AR,1677812861
468,rocha,-34.4833,-54.3333,296.16,69,12,3.0,UY,1677812726
469,pevek,69.7008,170.3133,244.17,91,100,1.88,RU,1677812861
470,artyom,40.4723,50.333,279.23,75,99,3.94,AZ,1677812862
471,yar-sale,66.8333,70.8333,256.89,94,100,6.41,RU,1677812862
472,taonan,45.3333,122.7833,276.53,31,5,1.48,CN,1677812863
473,kankan,10.3854,-9.3057,298.01,21,14,1.88,GN,1677812863
474,pagouria,41.0291,25.3184,280.53,78,99,1.86,GR,1677812863
475,clyde river,70.4692,-68.5914,245.28,63,40,6.17,CA,1677812604
476,thinadhoo,0.5333,72.9333,300.04,80,72,3.92,MV,1677812864
477,mont-dore,-22.2833,166.5833,304.14,99,98,5.57,NC,1677812864
478,labuan,5.2767,115.2417,300.46,74,87,1.04,MY,1677812865
479,enumclaw,47.2043,-121.9915,277.6,87,100,1.79,US,1677812865
480,boa vista,2.8197,-60.6733,298.14,78,75,5.66,BR,1677812866
481,madang,-5.2246,145.7966,300.14,78,100,3.73,PG,1677812866
482,dunedin,-45.8742,170.5036,293.98,62,5,3.0,NZ,1677812682
483,akropong,5.9746,-0.0854,297.14,81,63,2.9,GH,1677812867
484,novovorontsovka,47.5004,33.9175,273.1,68,27,3.11,UA,1677812868
485,itamaraca,-7.7478,-34.8256,301.18,79,25,4.12,BR,1677812868
486,cam ranh,11.9214,109.1591,300.13,57,20,6.69,VN,1677812868
487,vetovo,43.7,26.2667,277.28,75,100,1.5,BG,1677812869
488,kingaroy,-26.5333,151.8333,302.37,42,99,4.33,AU,1677812869
489,baykit,61.67,96.37,269.6,91,87,3.57,RU,1677812869
490,santa rosa,14.3122,121.1114,303.16,57,51,8.55,PH,1677812527
491,shakhtinsk,49.71,72.5872,268.85,95,100,3.0,KZ,1677812870
492,neiafu,-18.65,-173.9833,303.53,79,75,3.6,TO,1677812870
493,adrar,20.5022,-10.0711,291.06,23,0,4.47,MR,1677812871
494,champerico,14.3,-91.9167,298.81,75,1,3.83,GT,1677812871
495,puerto narino,-3.7703,-70.3831,296.67,98,100,1.02,CO,1677812871
496,obihiro,42.9172,143.2044,275.25,48,66,2.53,JP,1677812872
497,kavaratti,10.5669,72.642,300.6,71,16,3.08,IN,1677812872
498,kosovo polje,42.6394,21.0961,279.14,91,75,3.09,XK,1677812873
499,bitung,1.4451,125.1824,300.62,70,100,4.03,ID,1677812874
500,praia da vitoria,38.7333,-27.0667,288.57,92,100,3.99,PT,1677812874
501,kontagora,10.3999,5.4695,298.41,61,1,1.93,NG,1677812875
502,wilmington,34.2257,-77.9447,292.56,82,100,3.09,US,1677812686
503,tubuala,9.5167,-79.0333,298.67,85,35,5.12,PA,1677812875
504,hobyo,5.3505,48.5268,299.45,70,51,8.74,SO,1677812876
505,bereda,43.2686,-7.5406,272.91,100,85,0.91,ES,1677812876
506,fort pierce,27.4467,-80.3256,297.62,79,0,3.09,US,1677812589
507,urumqi,43.801,87.6005,263.68,93,20,1.0,CN,1677812876
508,mareeba,-17.0,145.4333,302.31,39,42,2.21,AU,1677812877
509,teya,60.3778,92.6267,269.21,87,93,5.33,RU,1677812877
510,bage,-31.3314,-54.1069,294.03,88,0,2.57,BR,1677812877
511,scarborough,54.2797,-0.4044,276.92,87,100,3.7,GB,1677812620
512,guiratinga,-16.3494,-53.7583,295.17,87,75,0.84,BR,1677812878
513,talara,-4.5772,-81.2719,298.17,80,57,4.28,PE,1677812879
514,windhoek,-22.5594,17.0832,289.5,55,77,2.14,NA,1677812820
515,dzilam gonzalez,21.2833,-88.9333,298.76,65,0,5.55,MX,1677812879
516,shubarkuduk,49.1447,56.4872,262.41,95,92,4.85,KZ,1677812880
517,nara,34.6851,135.8049,285.09,27,7,2.18,JP,1677812881
518,lithgow,-33.4833,150.15,297.44,41,24,3.77,AU,1677812881
519,mount isa,-20.7333,139.5,295.02,83,75,3.6,AU,1677812881
520,alihe,50.5667,123.7167,270.89,68,37,1.08,CN,1677812882
521,catanduva,-21.1378,-48.9728,295.68,80,16,1.41,BR,1677812882
522,mtinko,-4.55,34.85,289.38,90,100,0.92,TZ,1677812883
523,quatre cocos,-20.2078,57.7625,298.2,80,100,1.23,MU,1677812884
524,pakxe,15.1167,105.7833,301.59,42,46,1.84,LA,1677812884
525,novovarshavka,54.1721,74.6946,262.1,90,68,4.23,RU,1677812885
526,korla,41.7597,86.1469,278.55,45,8,1.51,CN,1677812885
527,baikingon,8.4722,124.5536,299.55,77,99,2.24,PH,1677812886
528,sao gabriel,-30.3364,-54.32,294.85,89,100,3.25,BR,1677812887
529,honiara,-9.4333,159.95,303.15,64,99,5.75,SB,1677812887
530,redmond,47.674,-122.1215,279.14,84,100,1.34,US,1677812888
531,vila do maio,15.1333,-23.2167,295.59,79,100,6.76,CV,1677812888
532,diofior,14.1833,-16.6667,296.48,23,1,4.63,SN,1677812889
533,gold coast,-28.0,153.4333,304.51,75,100,8.75,AU,1677812772
534,yima,34.7381,111.8839,288.09,25,30,5.49,CN,1677812890
535,progreso,21.2833,-89.6667,301.54,53,0,6.8,MX,1677812890
536,tazovskiy,67.4667,78.7,263.1,94,100,6.95,RU,1677812891
537,la orilla,17.9833,-102.2333,298.32,76,86,4.24,MX,1677812892
538,tuatapere,-46.1333,167.6833,288.6,86,100,3.56,NZ,1677812892
539,yasothon,15.75,104.1333,302.61,38,18,7.4,TH,1677812893
540,lincoln,40.8,-96.667,274.89,79,0,1.54,US,1677812252
541,pryazha,61.6926,33.6216,266.15,99,100,1.49,RU,1677812894
542,ouricuri,-7.8825,-40.0817,299.21,50,98,2.82,BR,1677812895
543,port keats,-14.25,129.55,301.91,67,25,5.71,AU,1677812895
544,atakpame,7.5333,1.1333,297.17,85,31,1.79,TG,1677812896
545,abbeville,50.1,1.8333,275.13,94,0,3.23,FR,1677812896
546,bonthe,7.5264,-12.505,297.06,93,2,1.97,SL,1677812897
547,sambava,-14.2667,50.1667,296.73,89,50,1.63,MG,1677812897
548,mega,4.05,38.3,290.04,51,93,4.99,ET,1677812898
549,witzenhausen,51.3333,9.8667,273.41,97,6,0.9,DE,1677812898
550,meridian,43.6121,-116.3915,276.62,66,100,5.14,US,1677812727
551,santa cruz,-17.8,-63.1667,295.85,100,75,1.54,BO,1677812737
552,rigaud,45.4793,-74.3024,266.72,84,62,4.21,CA,1677812899
553,muzhi,65.3667,64.6667,249.12,91,97,1.92,RU,1677812900
554,mezen,65.8522,44.24,246.13,100,100,1.22,RU,1677812901
555,kinsale,51.7075,-8.5306,277.8,75,75,2.57,IE,1677812901
556,borsa,47.6553,24.6633,273.29,94,69,0.38,RO,1677812902
557,orchard homes,46.8633,-114.0484,275.59,83,100,7.2,US,1677812670
558,aitape,-3.1374,142.3475,299.47,87,100,3.19,PG,1677812903
559,gamba,-2.65,10.0,298.62,86,89,3.14,GA,1677812903
560,barugo,11.3242,124.7383,300.83,65,98,3.83,PH,1677812904
561,norman wells,65.282,-126.8329,249.83,97,100,3.45,CA,1677812905
562,tobe,33.7447,132.7901,282.48,38,0,3.03,JP,1677812905
563,cockburn town,21.4612,-71.1419,297.79,65,0,8.28,TC,1677812906
